# pulled from-https://www.countryaah.com/alphabetical-list-of-cities-and-towns-in-minnesota/
#  and submitted to-https://www.smartystreets.com/products/apis/us-zipcode-api
cityToZipAndCountyMapping:
  Ada:
    zipcode: "56510"
    county: Norman
  Adams:
    zipcode: "55909"
    county: Mower
  Adrian:
    zipcode: "56110"
    county: Nobles
  Afton:
    zipcode: "55001"
    county: Washington
  Aitkin:
    zipcode: "56431"
    county: Aitkin
  Akeley:
    zipcode: "56433"
    county: Hubbard
  Albany:
    zipcode: "56307"
    county: Stearns
  Albert Lea:
    zipcode: "56007"
    county: Freeborn
  Albertville:
    zipcode: "55301"
    county: Wright
  Alden:
    zipcode: "56009"
    county: Freeborn
  Alexandria:
    zipcode: "56308"
    county: Douglas
  Altura:
    zipcode: "55910"
    county: Winona
  Alvarado:
    zipcode: "56710"
    county: Marshall
  Amboy:
    zipcode: "56010"
    county: Blue Earth
  Andover:
    zipcode: "55304"
    county: Anoka
  Annandale:
    zipcode: "55302"
    county: Wright
  Anoka:
    zipcode: "55303"
    county: Anoka
  Apple Valley:
    zipcode: "55124"
    county: Dakota
  Appleton:
    zipcode: "56208"
    county: Swift
  Arden Hills:
    zipcode: "55112"
    county: Ramsey
  Argyle:
    zipcode: "56713"
    county: Marshall
  Arlington:
    zipcode: "55307"
    county: Sibley
  Ashby:
    zipcode: "56309"
    county: Grant
  Askov:
    zipcode: "55704"
    county: Pine
  Atwater:
    zipcode: "56209"
    county: Kandiyohi
  Audubon:
    zipcode: "56511"
    county: Becker
  Aurora:
    zipcode: "55705"
    county: St Louis
  Austin:
    zipcode: "55912"
    county: Mower
  Avon:
    zipcode: "56310"
    county: Stearns
  Babbitt:
    zipcode: "55706"
    county: St Louis
  Backus:
    zipcode: "56435"
    county: Cass
  Badger:
    zipcode: "56714"
    county: Roseau
  Bagley:
    zipcode: "56621"
    county: Clearwater
  Balaton:
    zipcode: "56115"
    county: Lyon
  Barnesville:
    zipcode: "56514"
    county: Clay
  Barnum:
    zipcode: "55707"
    county: Carlton
  Barrett:
    zipcode: "56311"
    county: Grant
  Battle Lake:
    zipcode: "56515"
    county: Otter Tail
  Baudette:
    zipcode: "56623"
    county: Lake Of The Woods
  Baxter:
    zipcode: "56425"
    county: Crow Wing
  Bayport:
    zipcode: "55003"
    county: Washington
  Beardsley:
    zipcode: "56211"
    county: Big Stone
  Beaver Creek:
    zipcode: "56116"
    county: Rock
  Becker:
    zipcode: "55308"
    county: Sherburne
  Bejou:
    zipcode: "56516"
    county: Mahnomen
  Belgrade:
    zipcode: "56312"
    county: Stearns
  Belle Plaine:
    zipcode: "56011"
    county: Scott
  Bellingham:
    zipcode: "56212"
    county: Lac Qui Parle
  Belview:
    zipcode: "56214"
    county: Redwood
  Bemidji:
    zipcode: "56601"
    county: Beltrami
  Benson:
    zipcode: "56215"
    county: Swift
  Bertha:
    zipcode: "56437"
    county: Todd
  Bethel:
    zipcode: "55005"
    county: Anoka
  Big Falls:
    zipcode: "56627"
    county: Koochiching
  Big Lake:
    zipcode: "55309"
    county: Sherburne
  Bigelow:
    zipcode: "56117"
    county: Nobles
  Bigfork:
    zipcode: "56628"
    county: Itasca
  Birchwood:
    zipcode: "55110"
    county: Ramsey
  Bird Island:
    zipcode: "55310"
    county: Renville
  Biwabik:
    zipcode: "55708"
    county: St Louis
  Blackduck:
    zipcode: "56630"
    county: Beltrami
  Blaine:
    zipcode: "55014"
    county: Anoka
  Bloomington:
    zipcode: "55420"
    county: Hennepin
  Breezy Point:
    zipcode: "56472"
    county: Crow Wing
  Brooklyn Center:
    zipcode: "55428"
    county: Hennepin
  Brooklyn Park:
    zipcode: "55428"
    county: Hennepin
  Blooming Prairie:
    zipcode: "55917"
    county: Steele
  Blue Earth:
    zipcode: "56013"
    county: Faribault
  Bluffton:
    zipcode: "56518"
    county: Otter Tail
  Bovey:
    zipcode: "55709"
    county: Itasca
  Bowlus:
    zipcode: "56314"
    county: Morrison
  Boyd:
    zipcode: "56218"
    county: Lac Qui Parle
  Braham:
    zipcode: "55006"
    county: Isanti
  Brainerd:
    zipcode: "56401"
    county: Crow Wing
  Brandon:
    zipcode: "56315"
    county: Douglas
  Breckenridge:
    zipcode: "56520"
    county: Wilkin
  Brewster:
    zipcode: "56119"
    county: Nobles
  Bricelyn:
    zipcode: "56014"
    county: Faribault
  Brooten:
    zipcode: "56316"
    county: Stearns
  Browerville:
    zipcode: "56438"
    county: Todd
  Browns Valley:
    zipcode: "56219"
    county: Traverse
  Brownsdale:
    zipcode: "55918"
    county: Mower
  Brownsville:
    zipcode: "55919"
    county: Houston
  Brownton:
    zipcode: "55312"
    county: McLeod
  Buckman:
    zipcode: "56317"
    county: Morrison
  Buffalo Lake:
    zipcode: "55314"
    county: Renville
  Buffalo:
    zipcode: "55313"
    county: Wright
  Buhl:
    zipcode: "55713"
    county: St Louis
  Burnsville:
    zipcode: "55306"
    county: Dakota
  Butterfield:
    zipcode: "56120"
    county: Watonwan
  Byron:
    zipcode: "55920"
    county: Olmsted
  Caledonia:
    zipcode: "55921"
    county: Houston
  Callaway:
    zipcode: "56521"
    county: Becker
  Calumet:
    zipcode: "55716"
    county: Itasca
  Cambridge:
    zipcode: "55008"
    county: Isanti
  Campbell:
    zipcode: "56522"
    county: Wilkin
  Canby:
    zipcode: "56220"
    county: Yellow Medicine
  Cannon Falls:
    zipcode: "55009"
    county: Goodhue
  Canton:
    zipcode: "55922"
    county: Fillmore
  Carlos:
    zipcode: "56319"
    county: Douglas
  Carlton:
    zipcode: "55718"
    county: Carlton
  Carver:
    zipcode: "55315"
    county: Carver
  Cass Lake:
    zipcode: "56633"
    county: Cass
  Center City:
    zipcode: "55012"
    county: Chisago
  Ceylon:
    zipcode: "56121"
    county: Martin
  Champlin:
    zipcode: "55316"
    county: Hennepin
  Chandler:
    zipcode: "56122"
    county: Murray
  Chanhassen:
    zipcode: "55317"
    county: Carver
  Chaska:
    zipcode: "55318"
    county: Carver
  Chatfield:
    zipcode: "55923"
    county: Fillmore
  Chisago City:
    zipcode: "55013"
    county: Chisago
  Chisholm:
    zipcode: "55719"
    county: St Louis
  Chokio:
    zipcode: "56221"
    county: Stevens
  Circle Pines:
    zipcode: "55014"
    county: Anoka
  Clara City:
    zipcode: "56222"
    county: Chippewa
  Claremont:
    zipcode: "55924"
    county: Dodge
  Clarissa:
    zipcode: "56440"
    county: Todd
  Clarkfield:
    zipcode: "56223"
    county: Yellow Medicine
  Clarks Grove:
    zipcode: "56016"
    county: Freeborn
  Clear Lake:
    zipcode: "55319"
    county: Sherburne
  Clearbrook:
    zipcode: "56634"
    county: Clearwater
  Clearwater:
    zipcode: "55320"
    county: Wright
  Cleveland:
    zipcode: "56017"
    county: Le Sueur
  Climax:
    zipcode: "56523"
    county: Polk
  Clinton:
    zipcode: "56225"
    county: Big Stone
  Cloquet:
    zipcode: "55720"
    county: Carlton
  Cohasset:
    zipcode: "55721"
    county: Itasca
  Cokato:
    zipcode: "55321"
    county: Wright
  Cold Spring:
    zipcode: "56320"
    county: Stearns
  Coleraine:
    zipcode: "55722"
    county: Itasca
  Cologne:
    zipcode: "55322"
    county: Carver
  Comfrey:
    zipcode: "56019"
    county: Brown
  Cook:
    zipcode: "55723"
    county: St Louis
  Cosmos:
    zipcode: "56228"
    county: Meeker
  Cottage Grove:
    zipcode: "55016"
    county: Washington
  Cottonwood:
    zipcode: "56229"
    county: Lyon
  Courtland:
    zipcode: "56021"
    county: Nicollet
  Crookston:
    zipcode: "56716"
    county: Polk
  Crosby:
    zipcode: "56441"
    county: Crow Wing
  Crosslake:
    zipcode: "56442"
    county: Crow Wing
  Crystal Bay:
    zipcode: "55323"
    county: Hennepin
  Currie:
    zipcode: "56123"
    county: Murray
  Cyrus:
    zipcode: "56323"
    county: Pope
  Centerville:
    zipcode: "55038"
    county: Washington
    Columbia Heights:
      zipcode: "55421"
      county: Anoka
    Columbus:
      zipcode: "55014"
      county: Anoka
    Coon Rapids:
      zipcode: "55433"
      county: Anoka
    Corcoran:
      zipcode: "55311"
      county: Hennepin
    Cromwell:
      zipcode: "55726"
      county: Carlton
    Crystal:
      zipcode: "55422"
      county: Hennepin
    Cuyuna:
      zipcode: "56444"
      county: Crow Wing
  Dakota:
    zipcode: "55925"
    county: Winona
  Dalton:
    zipcode: "56324"
    county: Otter Tail
  Danube:
    zipcode: "56230"
    county: Renville
  Darwin:
    zipcode: "55324"
    county: Meeker
  Dassel:
    zipcode: "55325"
    county: Meeker
  Dawson:
    zipcode: "56232"
    county: Lac Qui Parle
  Dayton:
    zipcode: "55327"
    county: Hennepin
  Deer Creek:
    zipcode: "56527"
    county: Otter Tail
  Deer River:
    zipcode: "56636"
    county: Itasca
  Deerwood:
    zipcode: "56444"
    county: Crow Wing
  Delano:
    zipcode: "55328"
    county: Wright
  Delavan:
    zipcode: "56023"
    county: Faribault
  Detroit Lakes:
    zipcode: "56501"
    county: Becker
  Dexter:
    zipcode: "55926"
    county: Mower
  Dilworth:
    zipcode: "56529"
    county: Clay
  Dodge Center:
    zipcode: "55927"
    county: Dodge
  Donnelly:
    zipcode: "56235"
    county: Stevens
  Dover:
    zipcode: "55929"
    county: Olmsted
  Duluth:
    zipcode: "55801"
    county: St Louis
  Dundas:
    zipcode: "55019"
    county: Rice
  Deephaven:
    zipcode: "55331"
    county: Hennepin
  Dellwood:
    zipcode: "55110"
    county: Ramsey
  Eagle Bend:
    zipcode: "56446"
    county: Todd
  Eagle Lake:
    zipcode: "56024"
    county: Blue Earth
  East Grand Forks:
    zipcode: "56721"
    county: Polk
  Easton:
    zipcode: "56025"
    county: Faribault
  Echo:
    zipcode: "56237"
    county: Yellow Medicine
  Eden Prairie:
    zipcode: "55344"
    county: Hennepin
  Eden Valley:
    zipcode: "55329"
    county: Meeker
  Edgerton:
    zipcode: "56128"
    county: Pipestone
  Eitzen:
    zipcode: "55931"
    county: Houston
  Elbow Lake:
    zipcode: "56531"
    county: Grant
  Elgin:
    zipcode: "55932"
    county: Wabasha
  Elk River:
    zipcode: "55330"
    county: Sherburne
  Elko New Market:
    zipcode: "55020"
    county: Scott
  Ellendale:
    zipcode: "56026"
    county: Steele
  Ellsworth:
    zipcode: "56129"
    county: Nobles
  Elmore:
    zipcode: "56027"
    county: Faribault
  Ely:
    zipcode: "55731"
    county: St Louis
  Elysian:
    zipcode: "56028"
    county: Le Sueur
  Emily:
    zipcode: "56447"
    county: Crow Wing
  Emmons:
    zipcode: "56029"
    county: Freeborn
  Erskine:
    zipcode: "56535"
    county: Polk
  Evansville:
    zipcode: "56326"
    county: Douglas
  Eveleth:
    zipcode: "55734"
    county: St Louis
  Excelsior:
    zipcode: "55331"
    county: Hennepin
  Eyota:
    zipcode: "55934"
    county: Olmsted
  Eagan:
    zipcode: "55120"
    county: Dakota
  East Bethel:
    zipcode: "55005"
    county: Anoka
  East Gull Lake:
    zipcode: "56401"
    county: Crow Wing
  Edina:
    zipcode: "55410"
    county: Hennepin
  Embarrass:
    zipcode: "55732"
    county: St Louis
  Fairfax:
    zipcode: "55332"
    county: Renville
  Fairmont:
    zipcode: "56031"
    county: Martin
  Faribault:
    zipcode: "55021"
    county: Rice
  Farmington:
    zipcode: "55024"
    county: Dakota
  Felton:
    zipcode: "56536"
    county: Clay
  Fergus Falls:
    zipcode: "56537"
    county: Otter Tail
  Fertile:
    zipcode: "56540"
    county: Polk
  Fifty Lakes:
    zipcode: "56448"
    county: Crow Wing
  Finlayson:
    zipcode: "55735"
    county: Pine
  Fisher:
    zipcode: "56723"
    county: Polk
  Flensburg:
    zipcode: "56328"
    county: Morrison
  Floodwood:
    zipcode: "55736"
    county: St Louis
  Foley:
    zipcode: "56329"
    county: Benton
  Forest Lake:
    zipcode: "55025"
    county: Washington
  Foreston:
    zipcode: "56330"
    county: Mille Lacs
  Fosston:
    zipcode: "56542"
    county: Polk
  Fountain:
    zipcode: "55935"
    county: Fillmore
  Franklin:
    zipcode: "55333"
    county: Renville
  Frazee:
    zipcode: "56544"
    county: Becker
  Freeborn:
    zipcode: "56032"
    county: Freeborn
  Freeport:
    zipcode: "56331"
    county: Stearns
  Frost:
    zipcode: "56033"
    county: Faribault
  Fulda:
    zipcode: "56131"
    county: Murray
  Falcon Heights:
    zipcode: "55108"
    county: Ramsey
  Federal Dam:
    zipcode: "56641"
    county: Cass
  Fridley:
    zipcode: "55421"
    county: Anoka
  Garfield:
    zipcode: "56332"
    county: Douglas
  Garrison:
    zipcode: "56450"
    county: Crow Wing
  Gary:
    zipcode: "56545"
    county: Norman
  Gaylord:
    zipcode: "55334"
    county: Sibley
  Geneva:
    zipcode: "56035"
    county: Freeborn
  Ghent:
    zipcode: "56239"
    county: Lyon
  Gibbon:
    zipcode: "55335"
    county: Sibley
  Gilbert:
    zipcode: "55741"
    county: St Louis
  Gilman:
    zipcode: "56333"
    county: Benton
  Glencoe:
    zipcode: "55336"
    county: McLeod
  Glenville:
    zipcode: "56036"
    county: Freeborn
  Glenwood:
    zipcode: "56334"
    county: Pope
  Glyndon:
    zipcode: "56547"
    county: Clay
  Gonvick:
    zipcode: "56644"
    county: Clearwater
  Good Thunder:
    zipcode: "56037"
    county: Blue Earth
  Goodhue:
    zipcode: "55027"
    county: Goodhue
  Graceville:
    zipcode: "56240"
    county: Big Stone
  Granada:
    zipcode: "56039"
    county: Martin
  Grand Marais:
    zipcode: "55604"
    county: Cook
  Grand Meadow:
    zipcode: "55936"
    county: Mower
  Grand Rapids:
    zipcode: "55730"
    county: Itasca
  Granite Falls:
    zipcode: "56241"
    county: Yellow Medicine
  Green Isle:
    zipcode: "55338"
    county: Sibley
  Greenbush:
    zipcode: "56726"
    county: Roseau
  Greenwald:
    zipcode: "56335"
    county: Stearns
  Grey Eagle:
    zipcode: "56336"
    county: Todd
  Grove City:
    zipcode: "56243"
    county: Meeker
  Grygla:
    zipcode: "56727"
    county: Marshall
  Gem Lake:
    zipcode: "55110"
    county: Ramsey
  Golden Valley:
    zipcode: "55416"
    county: Hennepin
  Grant:
    zipcode: "55110"
    county: Ramsey
  Greenfield:
    zipcode: "55357"
    county: Hennepin
  Greenwood:
    zipcode: "55331"
    county: Hennepin
  Hackensack:
    zipcode: "56452"
    county: Cass
  Hallock:
    zipcode: "56728"
    county: Kittson
  Halstad:
    zipcode: "56548"
    county: Norman
  Hamburg:
    zipcode: "55339"
    county: Carver
  Hampton:
    zipcode: "55031"
    county: Dakota
  Hancock:
    zipcode: "56244"
    county: Stevens
  Hanley Falls:
    zipcode: "56245"
    county: Yellow Medicine
  Hanover:
    zipcode: "55341"
    county: Wright
  Hanska:
    zipcode: "56041"
    county: Brown
  Hardwick:
    zipcode: "56134"
    county: Rock
  Harmony:
    zipcode: "55939"
    county: Fillmore
  Harris:
    zipcode: "55032"
    county: Chisago
  Hartland:
    zipcode: "56042"
    county: Freeborn
  Hastings:
    zipcode: "55033"
    county: Dakota
  Hawley:
    zipcode: "56549"
    county: Clay
  Hayfield:
    zipcode: "55940"
    county: Dodge
  Hayward:
    zipcode: "56043"
    county: Freeborn
  Hector:
    zipcode: "55342"
    county: Renville
  Henderson:
    zipcode: "56044"
    county: Sibley
  Hendricks:
    zipcode: "56136"
    county: Lincoln
  Hendrum:
    zipcode: "56550"
    county: Norman
  Henning:
    zipcode: "56551"
    county: Otter Tail
  Herman:
    zipcode: "56248"
    county: Grant
  Heron Lake:
    zipcode: "56137"
    county: Jackson
  Hewitt:
    zipcode: "56453"
    county: Todd
  Hibbing:
    zipcode: "55746"
    county: St Louis
  Hill City:
    zipcode: "55748"
    county: Aitkin
  Hills:
    zipcode: "56138"
    county: Rock
  Hinckley:
    zipcode: "55037"
    county: Pine
  Hitterdal:
    zipcode: "56552"
    county: Clay
  Hoffman:
    zipcode: "56339"
    county: Grant
  Hokah:
    zipcode: "55941"
    county: Houston
  Holdingford:
    zipcode: "56340"
    county: Stearns
  Holland:
    zipcode: "56139"
    county: Pipestone
  Hollandale:
    zipcode: "56045"
    county: Freeborn
  Hopkins:
    zipcode: "55305"
    county: Hennepin
  Houston:
    zipcode: "55943"
    county: Houston
  Howard Lake:
    zipcode: "55349"
    county: Wright
  Hoyt Lakes:
    zipcode: "55750"
    county: St Louis
  Hugo:
    zipcode: "55038"
    county: Washington
  Hutchinson:
    zipcode: "55350"
    county: McLeod
  Hadley:
    zipcode: "56151"
    county: Murray
  Ham Lake:
    zipcode: "55304"
    county: Anoka
  Hermantown:
    zipcode: "55810"
    county: St Louis
  Hilltop:
    zipcode: "55421"
    county: Anoka
  Independence:
    zipcode: "55328"
    county: Wright
  International Falls:
    zipcode: "56649"
    county: Koochiching
  Inver Grove Heights:
    zipcode: "55076"
    county: Dakota
  Ironton:
    zipcode: "56455"
    county: Crow Wing
  Isanti:
    zipcode: "55040"
    county: Isanti
  Isle:
    zipcode: "56342"
    county: Mille Lacs
  Ivanhoe:
    zipcode: "56142"
    county: Lincoln
  Jackson:
    zipcode: "56143"
    county: Jackson
  Janesville:
    zipcode: "56048"
    county: Waseca
  Jasper:
    zipcode: "56144"
    county: Rock
  Jeffers:
    zipcode: "56145"
    county: Cottonwood
  Jenkins:
    zipcode: "56456"
    county: Crow Wing
  Jordan:
    zipcode: "55352"
    county: Scott
  Kandiyohi:
    zipcode: "56251"
    county: Kandiyohi
  Karlstad:
    zipcode: "56732"
    county: Kittson
  Kasota:
    zipcode: "56050"
    county: Le Sueur
  Kasson:
    zipcode: "55944"
    county: Dodge
  Keewatin:
    zipcode: "55753"
    county: Itasca
  Kelliher:
    zipcode: "56650"
    county: Beltrami
  Kellogg:
    zipcode: "55945"
    county: Wabasha
  Kennedy:
    zipcode: "56733"
    county: Kittson
  Kensington:
    zipcode: "56343"
    county: Douglas
  Kenyon:
    zipcode: "55946"
    county: Goodhue
  Kerkhoven:
    zipcode: "56252"
    county: Swift
  Kiester:
    zipcode: "56051"
    county: Faribault
  Kimball:
    zipcode: "55353"
    county: Stearns
  Kettle River:
    zipcode: "55757"
    county: Carlton
  Lake Shore:
    zipcode: "56468"
    county: Crow Wing
  Lake Saint Croix Beach:
    zipcode: "55043"
    county: Washington
  Lakeland Shores:
    zipcode: "55043"
    county: Washington
  Lauderdale:
    zipcode: "55108"
    county: Ramsey
  Le roy:
    zipcode: "55951"
    county: Mower
  Lilydale:
    zipcode: "55118"
    county: Dakota
  Lino Lakes:
    zipcode: "55014"
    county: Anoka
  Little Canada:
    zipcode: "55109"
    county: Ramsey
  Longville:
    zipcode: "56655"
    county: Cass
  La Crescent:
    zipcode: "55947"
    county: Houston
  Lafayette:
    zipcode: "56054"
    county: Nicollet
  Lake Benton:
    zipcode: "56149"
    county: Lincoln
  Lake Bronson:
    zipcode: "56734"
    county: Kittson
  Lake City:
    zipcode: "55041"
    county: Wabasha
  Lake Crystal:
    zipcode: "56055"
    county: Blue Earth
  Lake Elmo:
    zipcode: "55042"
    county: Washington
  Lake Lillian:
    zipcode: "56253"
    county: Kandiyohi
  Lake Park:
    zipcode: "56554"
    county: Becker
  Lake Wilson:
    zipcode: "56151"
    county: Murray
  Lakefield:
    zipcode: "56150"
    county: Jackson
  Lakeland:
    zipcode: "55043"
    county: Washington
  Lakeville:
    zipcode: "55044"
    county: Dakota
  Lamberton:
    zipcode: "56152"
    county: Redwood
  Lancaster:
    zipcode: "56735"
    county: Kittson
  Lanesboro:
    zipcode: "55949"
    county: Fillmore
  Le Center:
    zipcode: "56057"
    county: Le Sueur
  Le Roy:
    zipcode: "55951"
    county: Mower
  Le Sueur:
    zipcode: "56058"
    county: Le Sueur
  Lengby:
    zipcode: "56651"
    county: Polk
  Leota:
    zipcode: "56153"
    county: Nobles
  Lester Prairie:
    zipcode: "55354"
    county: McLeod
  Lewiston:
    zipcode: "55952"
    county: Winona
  Lewisville:
    zipcode: "56060"
    county: Watonwan
  Lindstrom:
    zipcode: "55045"
    county: Chisago
  Lismore:
    zipcode: "56155"
    county: Nobles
  Litchfield:
    zipcode: "55355"
    county: Meeker
  Little Falls:
    zipcode: "56345"
    county: Morrison
  Littlefork:
    zipcode: "56653"
    county: Koochiching
  Long Lake:
    zipcode: "55356"
    county: Hennepin
  Long Prairie:
    zipcode: "56347"
    county: Todd
  Lonsdale:
    zipcode: "55046"
    county: Rice
  Loretto:
    zipcode: "55357"
    county: Hennepin
  Lowry:
    zipcode: "56349"
    county: Pope
  Lucan:
    zipcode: "56255"
    county: Redwood
  Luverne:
    zipcode: "56156"
    county: Rock
  Lyle:
    zipcode: "55953"
    county: Mower
  Lynd:
    zipcode: "56157"
    county: Lyon
  Mabel:
    zipcode: "55954"
    county: Fillmore
  Madelia:
    zipcode: "56062"
    county: Watonwan
  Madison Lake:
    zipcode: "56063"
    county: Blue Earth
  Madison:
    zipcode: "56256"
    county: Lac Qui Parle
  Magnolia:
    zipcode: "56158"
    county: Rock
  Mahnomen:
    zipcode: "56557"
    county: Mahnomen
  Mankato:
    zipcode: "56001"
    county: Blue Earth
  Mantorville:
    zipcode: "55955"
    county: Dodge
  Maple Lake:
    zipcode: "55358"
    county: Wright
  Maple Plain:
    zipcode: "55359"
    county: Hennepin
  Mapleton:
    zipcode: "56065"
    county: Blue Earth
  Marble:
    zipcode: "55764"
    county: Itasca
  Marine on Saint Croix:
    zipcode: "55047"
    county: Washington
  Marshall:
    zipcode: "56258"
    county: Lyon
  Mayer:
    zipcode: "55360"
    county: Carver
  Maynard:
    zipcode: "56260"
    county: Chippewa
  Mazeppa:
    zipcode: "55956"
    county: Wabasha
  McGregor:
    zipcode: "55760"
    county: Aitkin
  McIntosh:
    zipcode: "56556"
    county: Polk
  Medford:
    zipcode: "55049"
    county: Steele
  Melrose:
    zipcode: "56352"
    county: Stearns
  Menahga:
    zipcode: "56464"
    county: Wadena
  Mendota:
    zipcode: "55150"
    county: Dakota
  Middle River:
    zipcode: "56737"
    county: Marshall
  Milaca:
    zipcode: "56353"
    county: Mille Lacs
  Milan:
    zipcode: "56262"
    county: Chippewa
  Milroy:
    zipcode: "56263"
    county: Redwood
  Miltona:
    zipcode: "56354"
    county: Douglas
  Minneapolis:
    zipcode: "55440"
    county: Hennepin
  Minneota:
    zipcode: "56264"
    county: Lyon
  Minnesota City:
    zipcode: "55959"
    county: Winona
  Minnesota Lake:
    zipcode: "56068"
    county: Faribault
  Minnetonka Beach:
    zipcode: "55361"
    county: Hennepin
  Minnetonka:
    zipcode: "55345"
    county: Hennepin
  Montevideo:
    zipcode: "56265"
    county: Chippewa
  Montgomery:
    zipcode: "56069"
    county: Le Sueur
  Monticello:
    zipcode: "55362"
    county: Wright
  Montrose:
    zipcode: "55363"
    county: Wright
  Moorhead:
    zipcode: "56567"
    county: Clay
  Moose Lake:
    zipcode: "55767"
    county: Carlton
  Mora:
    zipcode: "55051"
    county: Kanabec
  Morgan:
    zipcode: "56266"
    county: Redwood
  Morris:
    zipcode: "56267"
    county: Stevens
  Morristown:
    zipcode: "55052"
    county: Rice
  Morton:
    zipcode: "56270"
    county: Renville
  Motley:
    zipcode: "56466"
    county: Morrison
  Mound:
    zipcode: "55364"
    county: Hennepin
  Mountain Iron:
    zipcode: "55768"
    county: St Louis
  Mountain Lake:
    zipcode: "56159"
    county: Cottonwood
  Murdock:
    zipcode: "56271"
    county: Swift
  Mahtomedi:
    zipcode: "55115"
    county: Washington
  Maple Grove:
    zipcode: "55311"
    county: Hennepin
  Maplewood:
    zipcode: "55106"
    county: Ramsey
  Medicine Lake:
    zipcode: "55441"
    county: Hennepin
  Medina:
    zipcode: "55340"
    county: Hennepin
  Mendota Heights:
    zipcode: "55118"
    county: Dakota
  Minnetrista:
    zipcode: "55331"
    county: Hennepin
  Mounds View:
    zipcode: "55112"
    county: Ramsey
  New Brighton:
    zipcode: "55112"
    county: Ramsey
  New Hope:
    zipcode: "55427"
    county: Hennepin
  North Mankato:
    zipcode: "56002"
    county: Blue Earth
  North Oaks:
    zipcode: "55127"
    county: Ramsey
  North Saint Paul:
    zipcode: "55109"
    county: Ramsey
  Norwood Young America:
    zipcode: "55368"
    county: Carver
  Nashwauk:
    zipcode: "55769"
    county: Itasca
  Naytahwaush:
    zipcode: "56566"
    county: Mahnomen
  Nerstrand:
    zipcode: "55053"
    county: Rice
  Nevis:
    zipcode: "56467"
    county: Hubbard
  New Auburn:
    zipcode: "55366"
    county: Sibley
  New Germany:
    zipcode: "55367"
    county: Carver
  New London:
    zipcode: "56273"
    county: Kandiyohi
  New Market:
    zipcode: "55054"
    county: Scott
  New Munich:
    zipcode: "56356"
    county: Stearns
  New Prague:
    zipcode: "56071"
    county: Scott
  New Richland:
    zipcode: "56072"
    county: Waseca
  New Ulm:
    zipcode: "56073"
    county: Brown
  New York Mills:
    zipcode: "56567"
    county: Otter Tail
  Newfolden:
    zipcode: "56738"
    county: Marshall
  Newport:
    zipcode: "55055"
    county: Washington
  Nicollet:
    zipcode: "56074"
    county: Nicollet
  Nisswa:
    zipcode: "56468"
    county: Crow Wing
  North Branch:
    zipcode: "55056"
    county: Chisago
  Northfield:
    zipcode: "55057"
    county: Rice
  Northome:
    zipcode: "56661"
    county: Koochiching
  Northrop:
    zipcode: "56075"
    county: Martin
  Norwood:
    zipcode: "55554"
    county: Carver
  Oak Park:
    zipcode: "56357"
    county: Benton
  Ogilvie:
    zipcode: "56358"
    county: Kanabec
  Oklee:
    zipcode: "56742"
    county: Red Lake
  Olivia:
    zipcode: "56277"
    county: Renville
  Onamia:
    zipcode: "56359"
    county: Mille Lacs
  Oronoco:
    zipcode: "55960"
    county: Olmsted
  Orr:
    zipcode: "55771"
    county: St Louis
  Ortonville:
    zipcode: "56278"
    county: Big Stone
  Osakis:
    zipcode: "56360"
    county: Douglas
  Oslo:
    zipcode: "56744"
    county: Marshall
  Osseo:
    zipcode: "55369"
    county: Hennepin
  Ostrander:
    zipcode: "55961"
    county: Fillmore
  Ottertail:
    zipcode: "56571"
    county: Otter Tail
  Owatonna:
    zipcode: "55060"
    county: Steele
  Oak Grove:
    zipcode: "55005"
    county: Anoka
  Oak Park Heights:
    zipcode: "55082"
    county: Washington
  Oakdale:
    zipcode: "55042"
    county: Washington
  Ogema:
    zipcode: "56569"
    county: "Becker"
  Orono:
    zipcode: "55323"
    county: Hennepin
  Otsego:
    zipcode: "55301"
    county: Wright
  Osage:
    zipcode: "56570"
    county: Becker
  Plymouth:
    zipcode: "55441"
    county: Hennepin
  Proctor:
    zipcode: "55810"
    county: St Louis
  Park Rapids:
    zipcode: "56470"
    county: Hubbard
  Parkers Prairie:
    zipcode: "56361"
    county: Otter Tail
  Paynesville:
    zipcode: "56362"
    county: Stearns
  Pelican Rapids:
    zipcode: "56572"
    county: Otter Tail
  Pemberton:
    zipcode: "56078"
    county: Blue Earth
  Pennock:
    zipcode: "56279"
    county: Kandiyohi
  Pequot Lakes:
    zipcode: "56472"
    county: Crow Wing
  Perham:
    zipcode: "56573"
    county: Otter Tail
  Peterson:
    zipcode: "55962"
    county: Fillmore
  Pierz:
    zipcode: "56364"
    county: Morrison
  Pillager:
    zipcode: "56473"
    county: Cass
  Pine City:
    zipcode: "55063"
    county: Pine
  Pine Island:
    zipcode: "55963"
    county: Goodhue
  Pine Point:
    zipcode: "56575"
    county: Becker
  Pine River:
    zipcode: "56474"
    county: Cass
  Pipestone:
    zipcode: "56164"
    county: Pipestone
  Plainview:
    zipcode: "55964"
    county: Wabasha
  Plato:
    zipcode: "55370"
    county: McLeod
  Plummer:
    zipcode: "56748"
    county: Red Lake
  Ponemah:
    zipcode: "56666"
    county: Beltrami
  Ponsford:
    zipcode: "56575"
    county: Becker
  Preston:
    zipcode: "55965"
    county: Fillmore
  Princeton:
    zipcode: "55371"
    county: Mille Lacs
  Prinsburg:
    zipcode: "56281"
    county: Kandiyohi
  Prior Lake:
    zipcode: "55372"
    county: Scott
  Racine:
    zipcode: "55967"
    county: Mower
  Randall:
    zipcode: "56475"
    county: Morrison
  Randolph:
    zipcode: "55065"
    county: Dakota
  Raymond:
    zipcode: "56282"
    county: Kandiyohi
  Red Lake Falls:
    zipcode: "56750"
    county: Red Lake
  Red Wing:
    zipcode: "55066"
    county: Goodhue
  Redby:
    zipcode: "56670"
    county: Beltrami
  Redlake:
    zipcode: "56671"
    county: Beltrami
  Redwood Falls:
    zipcode: "56283"
    county: Redwood
  Remer:
    zipcode: "56672"
    county: Cass
  Renville:
    zipcode: "56284"
    county: Renville
  Rice:
    zipcode: "56367"
    county: Benton
  Richmond:
    zipcode: "56368"
    county: Stearns
  Richwood:
    zipcode: "56577"
    county: Becker
  Rochert:
    zipcode: "56578"
    county: Becker
  Rochester:
    zipcode: "55901"
    county: Olmsted
  Rock Creek:
    zipcode: "55067"
    county: Pine
  Rockford:
    zipcode: "55373"
    county: Wright
  Rockville:
    zipcode: "56369"
    county: Stearns
  Rogers:
    zipcode: "55374"
    county: Hennepin
  Rollingstone:
    zipcode: "55969"
    county: Winona
  Rose Creek:
    zipcode: "55970"
    county: Mower
  Roseau:
    zipcode: "56751"
    county: Roseau
  Rosemount:
    zipcode: "55068"
    county: Dakota
  Rothsay:
    zipcode: "56579"
    county: Wilkin
  Round Lake:
    zipcode: "56167"
    county: Nobles
  Royalton:
    zipcode: "56373"
    county: Morrison
  Rush City:
    zipcode: "55069"
    county: Chisago
  Rushford:
    zipcode: "55971"
    county: Fillmore
  Rushmore:
    zipcode: "56168"
    county: Nobles
  Russell:
    zipcode: "56169"
    county: Lyon
  Ruthton:
    zipcode: "56170"
    county: Pipestone
  Ramsey:
    zipcode: "55303"
    county: Anoka
  Richfield:
    zipcode: "55423"
    county: Hennepin
  Robbinsdale:
    zipcode: "55422"
    county: Hennepin
  Roseville:
    zipcode: "55113"
    county: Ramsey
  Rushford Village:
    zipcode: "55962"
    county: Fillmore
  Saint Anthony:
    zipcode: "55418"
    county: Hennepin
  Saint Augusta:
    zipcode: "55320"
    county: Wright
  Saint Louis Park:
    zipcode: "55416"
    county: Hennepin
  Saint Mary's Point:
    zipcode: "55043"
    county: Washington
  Scandia:
    zipcode: "55073"
    county: Washington
  Shoreview:
    zipcode: "55126"
    county: Ramsey
  Shorewood:
    zipcode: "55331"
    county: Hennepin
  Spring Lake Park:
    zipcode: "55432"
    county: Anoka
  Sunfish Lake:
    zipcode: "55077"
    county: Dakota
  Sabin:
    zipcode: "56580"
    county: Clay
  Sacred Heart:
    zipcode: "56285"
    county: Renville
  Saint Bonifacius:
    zipcode: "55375"
    county: Hennepin
  Saint Charles:
    zipcode: "55972"
    county: Winona
  Saint Clair:
    zipcode: "56080"
    county: Blue Earth
  Saint Cloud:
    zipcode: "56301"
    county: Stearns
  Saint Francis:
    zipcode: "55070"
    county: Anoka
  Saint Hilaire:
    zipcode: "56754"
    county: Pennington
  Saint James:
    zipcode: "56081"
    county: Watonwan
  Saint Joseph:
    zipcode: "56374"
    county: Stearns
  Saint Martin:
    zipcode: "56376"
    county: Stearns
  Saint Michael:
    zipcode: "55376"
    county: Wright
  Saint Paul Park:
    zipcode: "55071"
    county: Washington
  Saint Paul:
    zipcode: "55101"
    county: Ramsey
  Saint Peter:
    zipcode: "56082"
    county: Nicollet
  Saint Stephen:
    zipcode: "56375"
    county: Stearns
  Sanborn:
    zipcode: "56083"
    county: Redwood
  Sandstone:
    zipcode: "55072"
    county: Pine
  Sartell:
    zipcode: "56377"
    county: Stearns
  Sauk Centre:
    zipcode: "56378"
    county: Stearns
  Sauk Rapids:
    zipcode: "56379"
    county: Benton
  Savage:
    zipcode: "55378"
    county: Scott
  Sebeka:
    zipcode: "56477"
    county: Wadena
  Shafer:
    zipcode: "55074"
    county: Chisago
  Shakopee:
    zipcode: "55379"
    county: Scott
  Shelly:
    zipcode: "56581"
    county: Norman
  Sherburn:
    zipcode: "56171"
    county: Martin
  Shevlin:
    zipcode: "56676"
    county: Clearwater
  Silver Bay:
    zipcode: "55614"
    county: Lake
  Silver Lake:
    zipcode: "55381"
    county: McLeod
  Slayton:
    zipcode: "56172"
    county: Murray
  Sleepy Eye:
    zipcode: "56085"
    county: Brown
  South Haven:
    zipcode: "55382"
    county: Wright
  South Saint Paul:
    zipcode: "55075"
    county: Dakota
  Spicer:
    zipcode: "56288"
    county: Kandiyohi
  Spring Grove:
    zipcode: "55974"
    county: Houston
  Spring Lake:
    zipcode: "56680"
    county: Itasca
  Spring Park:
    zipcode: "55384"
    county: Hennepin
  Spring Valley:
    zipcode: "55975"
    county: Fillmore
  Springfield:
    zipcode: "56087"
    county: Brown
  Stacy:
    zipcode: "55078"
    county: Chisago
  Staples:
    zipcode: "56479"
    county: Wadena
  Starbuck:
    zipcode: "56381"
    county: Pope
  Stephen:
    zipcode: "56757"
    county: Marshall
  Stewart:
    zipcode: "55385"
    county: McLeod
  Stewartville:
    zipcode: "55976"
    county: Olmsted
  Stillwater:
    zipcode: "55082"
    county: Washington
  Stockton:
    zipcode: "55988"
    county: Winona
  Storden:
    zipcode: "56174"
    county: Cottonwood
  Sturgeon Lake:
    zipcode: "55783"
    county: Pine
  Swanville:
    zipcode: "56382"
    county: Morrison
  Taconite:
    zipcode: "55786"
    county: Itasca
  Taunton:
    zipcode: "56291"
    county: Lyon
  Taylors Falls:
    zipcode: "55084"
    county: Chisago
  Thief River Falls:
    zipcode: "56701"
    county: Pennington
  Tower:
    zipcode: "55790"
    county: St Louis
  Tracy:
    zipcode: "56175"
    county: Lyon
  Trimont:
    zipcode: "56176"
    county: Martin
  Truman:
    zipcode: "56088"
    county: Martin
  Twin Valley:
    zipcode: "56584"
    county: Norman
  Two Harbors:
    zipcode: "55616"
    county: Lake
  Tyler:
    zipcode: "56178"
    county: Lincoln
  Tonka Bay:
    zipcode: "55331"
    county: Hennepin
  Ulen:
    zipcode: "56585"
    county: Clay
  Underwood:
    zipcode: "56586"
    county: Otter Tail
  Upsala:
    zipcode: "56384"
    county: Morrison
  Utica:
    zipcode: "55979"
    county: Winona
  Vadnais Heights:
    zipcode: "55109"
    county: Ramsey
  Vergas:
    zipcode: "56587"
    county: Otter Tail
  Vermillion:
    zipcode: "55085"
    county: Dakota
  Verndale:
    zipcode: "56481"
    county: Wadena
  Vernon Center:
    zipcode: "56090"
    county: Blue Earth
  Vesta:
    zipcode: "56292"
    county: Redwood
  Victoria:
    zipcode: "55386"
    county: Carver
  Villard:
    zipcode: "56385"
    county: Pope
  Virginia:
    zipcode: "55777"
    county: St Louis
  Wabasha:
    zipcode: "55981"
    county: Wabasha
  Wabasso:
    zipcode: "56293"
    county: Redwood
  Waconia:
    zipcode: "55387"
    county: Carver
  Wadena:
    zipcode: "56482"
    county: Wadena
  Wahkon:
    zipcode: "56386"
    county: Mille Lacs
  Waite Park:
    zipcode: "56387"
    county: Stearns
  Waldorf:
    zipcode: "56091"
    county: Waseca
  Walker:
    zipcode: "56484"
    county: Cass
  Walnut Grove:
    zipcode: "56180"
    county: Redwood
  Wanamingo:
    zipcode: "55983"
    county: Goodhue
  Warren:
    zipcode: "56762"
    county: Marshall
  Warroad:
    zipcode: "56763"
    county: Roseau
  Waseca:
    zipcode: "56093"
    county: Waseca
  Watertown:
    zipcode: "55388"
    county: Carver
  Waterville:
    zipcode: "56096"
    county: Le Sueur
  Watkins:
    zipcode: "55389"
    county: Meeker
  Watson:
    zipcode: "56295"
    county: Chippewa
  Waubun:
    zipcode: "56589"
    county: Becker
  Waverly:
    zipcode: "55390"
    county: Wright
  Wayzata:
    zipcode: "55391"
    county: Hennepin
  Welcome:
    zipcode: "56181"
    county: Martin
  Wells:
    zipcode: "56097"
    county: Faribault
  West Concord:
    zipcode: "55985"
    county: Dodge
  Westbrook:
    zipcode: "56183"
    county: Cottonwood
  Wheaton:
    zipcode: "56296"
    county: Traverse
  White Earth Nation:
    zipcode: "56591"
    county: Becker
  Willernie:
    zipcode: "55090"
    county: Washington
  Williams:
    zipcode: "56686"
    county: Lake Of The Woods
  Willmar:
    zipcode: "56201"
    county: Kandiyohi
  Willow River:
    zipcode: "55795"
    county: Pine
  Wilmont:
    zipcode: "56185"
    county: Nobles
  Windom:
    zipcode: "56101"
    county: Cottonwood
  Winger:
    zipcode: "56592"
    county: Polk
  Winnebago:
    zipcode: "56098"
    county: Faribault
  Winona:
    zipcode: "55987"
    county: Winona
  Winsted:
    zipcode: "55395"
    county: McLeod
  Winthrop:
    zipcode: "55396"
    county: Sibley
  Wood Lake:
    zipcode: "56297"
    county: Yellow Medicine
  Worthington:
    zipcode: "56187"
    county: Nobles
  Wrenshall:
    zipcode: "55797"
    county: Carlton
  Wykoff:
    zipcode: "55990"
    county: Fillmore
  Wyoming:
    zipcode: "55092"
    county: Chisago
  West Saint Paul:
    zipcode: "55107"
    county: Ramsey
  White Bear Lake:
    zipcode: "55110"
    county: Ramsey
  Woodbury:
    zipcode: "55125"
    county: Washington
  Woodland:
    zipcode: "55391"
    county: Hennepin
  Zimmerman:
    zipcode: "55398"
    county: Sherburne
  Zumbrota:
    zipcode: "55992"
    county: Goodhue
  